-- =============================================
-- 시드 데이터: 차량군 3개, 차량 11대, 부서, 목적
-- =============================================

-- 부서
INSERT INTO public.departments (id, name, code) VALUES
  ('00000000-0000-0000-0000-000000000001', '경영지원팀', 'MNG'),
  ('00000000-0000-0000-0000-000000000002', '영업팀', 'SAL'),
  ('00000000-0000-0000-0000-000000000003', '기술팀', 'TEC'),
  ('00000000-0000-0000-0000-000000000004', '총무팀', 'ADM')
ON CONFLICT (code) DO NOTHING;

-- 사용목적
INSERT INTO public.purposes (id, name, is_active) VALUES
  ('10000000-0000-0000-0000-000000000001', '업무방문', true),
  ('10000000-0000-0000-0000-000000000002', '출장', true),
  ('10000000-0000-0000-0000-000000000003', '행사지원', true),
  ('10000000-0000-0000-0000-000000000004', '관공서 방문', true),
  ('10000000-0000-0000-0000-000000000005', '물품 운반', true),
  ('10000000-0000-0000-0000-000000000006', '교육 참석', true)
ON CONFLICT DO NOTHING;

-- 차량군 3개
INSERT INTO public.vehicle_groups (id, name, description) VALUES
  ('20000000-0000-0000-0000-000000000001', '일반차량', '5인승 이하 승용차'),
  ('20000000-0000-0000-0000-000000000002', '승합차량', '6인승 이상 승합/미니밴'),
  ('20000000-0000-0000-0000-000000000003', '화물차량', '화물 운반용 차량')
ON CONFLICT DO NOTHING;

-- 차량 11대
-- 일반차량 5대
INSERT INTO public.vehicles (id, vehicle_group_id, name, license_plate, model, year, capacity, status, fuel_type, current_mileage) VALUES
  ('30000000-0000-0000-0000-000000000001', '20000000-0000-0000-0000-000000000001', '현대 소나타', '서울12가1234', '소나타 DN8', 2022, 5, 'available', 'gasoline', 45200),
  ('30000000-0000-0000-0000-000000000002', '20000000-0000-0000-0000-000000000001', '기아 K5', '서울34나5678', 'K5 3세대', 2021, 5, 'available', 'gasoline', 62100),
  ('30000000-0000-0000-0000-000000000003', '20000000-0000-0000-0000-000000000001', '현대 아반떼', '서울56다9012', '아반떼 CN7', 2023, 5, 'available', 'gasoline', 18500),
  ('30000000-0000-0000-0000-000000000004', '20000000-0000-0000-0000-000000000001', '르노 SM6', '서울78라3456', 'SM6 페이스리프트', 2020, 5, 'maintenance', 'gasoline', 89300),
  ('30000000-0000-0000-0000-000000000005', '20000000-0000-0000-0000-000000000001', '쉐보레 말리부', '서울90마7890', '말리부 9세대', 2021, 5, 'available', 'gasoline', 55700)
ON CONFLICT (license_plate) DO NOTHING;

-- 승합차량 3대
INSERT INTO public.vehicles (id, vehicle_group_id, name, license_plate, model, year, capacity, status, fuel_type, current_mileage) VALUES
  ('30000000-0000-0000-0000-000000000006', '20000000-0000-0000-0000-000000000002', '현대 스타렉스', '서울12바1234', '스타렉스 밴', 2021, 12, 'available', 'diesel', 78400),
  ('30000000-0000-0000-0000-000000000007', '20000000-0000-0000-0000-000000000002', '기아 카니발', '서울34사5678', '카니발 4세대', 2022, 9, 'available', 'diesel', 34200),
  ('30000000-0000-0000-0000-000000000008', '20000000-0000-0000-0000-000000000002', '현대 그랜드스타렉스', '서울56아9012', '그랜드스타렉스', 2020, 15, 'available', 'diesel', 112000)
ON CONFLICT (license_plate) DO NOTHING;

-- 화물차량 3대
INSERT INTO public.vehicles (id, vehicle_group_id, name, license_plate, model, year, capacity, status, fuel_type, current_mileage) VALUES
  ('30000000-0000-0000-0000-000000000009', '20000000-0000-0000-0000-000000000003', '현대 포터', '서울78자3456', '포터2 일반형', 2022, 2, 'available', 'diesel', 67800),
  ('30000000-0000-0000-0000-000000000010', '20000000-0000-0000-0000-000000000003', '기아 봉고', '서울90차7890', '봉고3 일반형', 2021, 2, 'available', 'diesel', 83500),
  ('30000000-0000-0000-0000-000000000011', '20000000-0000-0000-0000-000000000003', '현대 마이티', '서울12카1234', '마이티 소형', 2020, 2, 'in_use', 'diesel', 145200)
ON CONFLICT (license_plate) DO NOTHING;
